{"schemaVersion":"1.0","appDefinitionTemplate":{"id":"/providers/Microsoft.PowerApps/apps/","type":"Microsoft.PowerApps/apps","tags":{"primaryDeviceWidth":"1366","primaryDeviceHeight":"768","supportsPortrait":"true","supportsLandscape":"true","primaryFormFactor":"Tablet","publisherVersion":"3.22042.8","minimumRequiredApiVersion":"2.2.0","hasComponent":"false","hasUnlockedComponent":"false","isUnifiedRootApp":"false","sienaVersion":"20220428T112822Z-3.22042.8.0"},"properties":{"appVersion":"2022-04-28T11:28:22Z","lifeCycleId":"Published","createdByClientVersion":{"major":3,"minor":22042,"build":8,"revision":0,"majorRevision":0,"minorRevision":0},"minClientVersion":{"major":3,"minor":22042,"build":8,"revision":0,"majorRevision":0,"minorRevision":0},"backgroundColor":"RGBA(0,176,240,1)","backgroundImageUri":"/177387130050088511/N4b2e31f6-d8b4-4855-b22e-9f2364bb8164-logoSmallFile","displayName":"Customer Support Management","description":"","commitMessage":"","appUris":{"documentUri":{"value":"/177387130050088511/N7cd769e1-f86c-455b-8ad2-8042c59e213c-document.msapp"},"imageUris":[]},"createdTime":"0001-01-01T00:00:00Z","lastModifiedTime":"0001-01-01T00:00:00Z","sharedGroupsCount":0,"sharedUsersCount":0,"icons":{"smallIconUri":"/177387130050088511/N69b8c79a-1f7c-42f2-8ae7-3940ec6d1eb6-small.png","mediumIconUri":"/177387130050088511/N56a24491-a937-4075-ad9a-460ce4916b62-medium.png","largeIconUri":"/177387130050088511/N8821134e-f475-4b3c-b84f-794fd77eaa34-large.png","wideIconUri":"/177387130050088511/N251fb6cd-d6d2-4c37-865f-7717f4a11dba-wide.png"},"connectionReferences":{},"databaseReferences":{},"almMode":"Environment","performanceOptimizationEnabled":true,"canConsumeAppPass":true,"executionRestrictions":{"isTeamsOnly":false,"dataLossPreventionEvaluationResult":{"status":"Compliant","lastEvaluationDate":"2022-04-28T11:28:38.4563602Z","violations":[],"violationsByPolicy":[],"violationErrorMessage":"The app uses the following connectors: ."}}},"appType":"ClassicCanvasApp","appComponents":[]}}